รหัสนักศึกษา,รหัส 69,รหัส 68,รหัส 67,รหัส 66,,@
6987654321,ig:daisy_ii,ig:goyo55,ig:dekpok69,ig:lnwzaa58,*ตัวอย่าง,
6910210001,ig:ch_kodchakon,ig : moxxja.a,,,"*หมายเหตุ ช่องทางติดต่อที่สะดวก เช่น Instagram, Facebook",
6910210002,ig : pakwannnn.n,ig: kotchqtiii.23,,,,
6910210003,,ig:kotchaa.kyon,,,,
6910210004,m1kanokkan6_,ig : amnotmovie,,,,
6910210005,ig : kqnok_,,,,,
6910210006,ig : bamknwq ,ig : hcte.q,,,,
6910210007,ig : xm._.xoxo,,,,,
6910210008,,,,,,
6910210009,ig : impchciiluvjelyfsh,,,,,
6910210010,ig:guuide_gomeba5471,,,,,
6910210011,ig:_3ixqz,Ig:miwky_zz,,,,
6910210012,Ig : ta_khonraphat,Ig:konchx_.06,,,,
6910210013,,ig:23dfeb,,,,
6910210014,ig : khunprincer50,IG : k_.korawit,,,,
6910210015,ig : _imttoey,,,,,
6910210016,Ig : krit_kritthapas,,,,,
6910210017,,Ig: kkittima.t,,,,
6910210018,,ig:kluaimaiiu,,,,
6910210019,,,,,,
6910210020,,zxnserty,,,,
6910210021,ig : nurskawin,,,,,
6910210022,ig:ksidiedchrakaekw,,IG:kt25_4_49,,,
6910210023,,,,,,
6910210024,ig : kanyanatzx._,,,,,
6910210025,ig : s10.20_am,,,,,
6910210026,,Ig:2kchsq._,,,,
6910210027,ig : kanrloue_,,,,,
6910210028,ig : b3uring,,,,,
6910210029,,,,,,
6910210030,,,,,,
6910210031,,ig: kanta_.rat,,,,
6910210032,IG:mkp_axb,,,,,
6910210033,IG:Iqque_ab,,,,,
6910210034,,Ig: kittisak.ins,,,,
6910210035,ig:1marchh_,IG:earn_kewalin,,,,
6910210036,,,,,,
6910210037,,,,,,
6910210038,,baitoeyyyyy._.j,,,,
6910210039,,,IG :Janon Kingkohyao,,,
6910210040,,ig : _look_tan,,,,
6910210041,IG:k_kqnnn.z,ig : imaxr._a7,,ig : m_.milkkk,,
,,,,,,
6910210042,IG : zmew_07,ig:kanxqtt_,,,,
6910210043,IG : linna_2233,,,,,
6910210044,IG : paloyy_jn,n_.dmi,f3rn.jr,,,
6910210045,IG : Jarxm1q_,,,,,
6910210046,,rn_jtk,,,,
6910210047,IG : kaewta__2107,ig justinskyafterrain_,,,,
6910210048,_earn,ptst_t,,,,
6910210049,IG: ribose_ribest,m._.jirachaya,,,,
6910210050,IG : Jirameth_24,,,,,
6910210051,,,,,,
6910210052,IG : jrstt_,ig : roriloty,,,,
6910210053,Ig : misskcpls,,,,,
6910210054,,,,,,
6910210055,,,,,,
6910210056,Ig : youae.lp,maiii_2050,,,,
6910210057,ig : jihqn0x,ig : minminx_u,IG : chxnis0rn_tjyy,,,
6910210058,_littlegirlbabimon,ig : roriloty,,,,
6910210059,IG : chuthat_hip,,ig:olaf_fffffffffff,,,
6910210060,ig : 2_un07,ig : pprexms_,,,,
6910210061,,,,,,
6910210062,,,,,,
6910210063,ig :chanoknan_890,ig : _creammmy.y_,,,,
6910210064,ig : zxqmb,ig : m3rcxry.q,,,,
6910210065,,ig:_pr1mx.27,ig : porchechawin,,,
6910210066,ig : chana_k3,,,,,
6910210067,,,,,,
6910210068,ig : cchanapoii,,ig: 08daydggg.d,,,
6910210069,,,,,,
6910210070,,,,,,
6910210071,,Ig :  bja_jachb,,,,
6910210072,,,,,,
6910210073,ig:primchphn_,,,,,
6910210074,ig : i_z.cream,ig : ccn_opal,ig: sxmiihxh_.22,,,
6910210075,,,,,,
6910210076,,Ig : spaimars,,,,
6910210077,ig chaawisa_,Ig:4uxqnz_,,,,
6910210078,,ig:farrney._,ig:ccx.ea,,,
6910210079,,IG : whereisdream_,,,,
6910210080,,IG:urbaesanii.tq,,,,
6910210081,IG: 3h1_m9l,ig:_sxneenx,,,,
6910210082,,,,,,
6910210083,IG: kung_nang979,ig: _fixllllllllllllla_,,,,
6910210084,,ig: Sxfia.rn,,,,
6910210085,IG: sr.s0frxn_,,,,,
6910210086,ig: _szfareeworld,,,,,
6910210087,,ig: pang__ggg.06,,,,
6910210088,,ig: Parewa_ss/,,,,
6910210089,ig : tnxyrutt_,,,,,
6910210090,,ig: _natchacha,,,,
6910210091,,,,,,
6910210092,,,,,,
6910210093,ig: euugene_tp,,,,,
6910210094,ig : ttk.ap,,,,,
6910210095,ig: igxmtch,ig:_iamfxrn.n,,Ig: _mxmild,,
6910210096,ig: pp.paxng_,ig: mimxmzn.0_0,,,,
6910210097,ig: 1i8khq__,ig: momo_hub06,,,,
6910210098,Ig: aqua_riuss.15,ig : nn_buterrrr,,,,
6910210099,ig:neverbenene,ig: itslyr._,,,,
6910210100,ig : pl.nxtxp_ng,,,,,
6910210101,ig : novembertwentynine_,,,,,
6910210102,IG : palm_nchptr,ig:p_natnicha99,,,,
6910210103,,,,,,
6910210104,natnaree.08,nathaphrn._t_t,,,,
6910210105,ig : nuttaphon43210,,,,,
6910210106,Natthakris_ta,_nxtz.15_,ig : bm_pc05,,,
6910210107,ig : the.nut_k4rn,,,,,
6910210108,Ig: n.folknnt_,ig: nx._.chx06,,,,
6910210109,,hi_imgetty.28,,,,
6910210110,,,,,,
6910210111,,3aitx3y_,,,,
6910210112,,nqnxr_16,,,,
6910210113,IG : nat_woharn,,,,,
6910210114,wn_mimiwp,,,,,
6910210115,,,,,,
6910210116,IG: chriszx.07,,,,,
6910210117,,IG : _bally_06,,,,
6910210118,,,,,,
6910210119,ig : 21crxsc,,,,,
6910210120,ig : nnatnatnat_,ig : thip._nx,,,,
6910210121,,,,,,
6910210122,ig:ja_goixx7,Ig:tt_sxnwq,,,,
6910210123,ig: _ntmk.b,,,,,
6910210124,Ig: pai.zxx,ig: bee_tanaphon,,,,
6910210125,ig: pllll_xnn,Ig: fah_tanapx02,,,,
6910210126,ig:ppl0ypailin,,ig:tinnaphobremote,,,
6910210127,,,,,,
6910210128,ig:mayy._.nxt,,,,,
6910210129,ig:pr_ntw,,,,,
6910210130,,ig: gx.thz_,,,,
6910210131,ig.nu_zrina,,,,,
6910210132,Ig: jxngjing._n,ig : thananya_bb3,,,,
6910210133,ig : nlqcha,ig : 16.06bebelle,,,,
6910210134,ig : nnichxp,ig: thxnatchayaa.x,,,,
6910210135,ig:smile_duangsuda,,,,,
6910210136,fb: ตณปกร ทองเพ็ง,,,,,
6910210137,        ig:_treepoome_,thanathep_ld,,,,
6910210138,ig : kxtt_chvqr,ig : bemy.minggg,,,,
6910210139,ig: toxxaapxll,,,,,
6910210140,ig:Tasnim Mahama,ig : txrn.chan,ig: sky_thanapat,,,
6910210141,ig : tin_tinnapop.t,ig : jx_aji,,,,
6910210142,ig : trna_np,,,,,
6910210143,ig : f4llinginturmluv ,ig : tyl__ll,,,,
6910210144,,,,,,
6910210145,ig:biw_thorkwan,ig:trgrxyz_,,,,
6910210146,ig : _tdn.kcz,,,,,
6910210147,,,,,,
6910210148,,ig : fn_tidarxt,,,,
6910210149, ig : thxeqt1dx,ig:thi_rat14oo,,,,
6910210150,,ig : b3yourlove__,,,,
6910210151,tankulnilpaksri,ig : pooh.he,,,,
6910210152,ig : 1namep,,,,,
6910210153,,,,,,
6910210154,ig : vitamil__k,,,,,
6910210155,IG:Poohpha _,,,,,
6910210156,IG : 71m3.z,ig : n.nxtee,,,,
6910210157,ig : thx_pkx.p,ig : dave__fy,,,,
6910210158,Ig:pxk_pong07,ig : nopp.sh,,,,
6910210159,,,,,,
6910210160,ig:_llukpad,noppawxn_,,,,
6910210161,ig : puex._b4M,ig : 13luvynim,,,,
6910210162,ig: txngmo.n.__24,ig : nuyeahhhhh,,,,
6910210163,   ig:t.thananya._,ig:n.apattt,,,,
6910210164,ig: thanasaq.sxn, ig: n.nxphisa,,,,
6910210165,,ig : naramon_jantharapak,,,,
6910210166,asthajea,,,,,
6910210167,,,,,,
6910210168,ig:5_tcys3p,,,,,
6910210169,,ig: hunt.dds,,,,
6910210170,ig:aom_tcn.yk,,,,,
6910210171,,ig: narumon__nn,ig : natalee_05_,,,
6910210172,ig:imksxna._,,,,,
6910210173,ig: aftercqz,ig: _.peemaii,,,,
6910210174,ig : hii_eyeee,,,,,
6910210175,Ig: _thpchzx,ig : sayemmie,,,,
6910210176,,,,,,
6910210177,,ig : ___nattiya.14,,,,
6910210178,_ttaengmo,natchanon_sun,,,,
6910210179,ig:sweetviolet_2007,,,,,
6910210180,ig : dothbnyy ,ig : france.firoz,,,,
6910210181,ig : tan_wa8419k,ig:philo7men1,,,,
6910210182,ig : remindnw,ig:inomiiu,ig:edne_nis,,,
6910210183,,ig : nxntiyx_k,,,,
6910210184,ig:ariesiida,ig : nannapat_ai,,,,
6910210185,,,,,,
6910210186,,ig:nallalorain,ig : amjindae,,,
6910210187,,,,,,
6910210188,Ig : jajhetz7,ig:nadiq.c_h,,,,
6910210189,,ig : yaiyaanadia,,,,
6910210190,ig: fang_natakorn,ig : nanu10y,,,,
6910210191,ig: nop12145,,ig.iibua.xe,,,
6910210192,,ig:wouldyoulikesomecharon,,,,
6910210193,ig : st_napasorn,,,,,
6910210194,,,,,,
6910210195,,ig: nittaya_o_o_,,,,
6910210196,IG: me_o_ii,IG :ntp.hd_,,,,
6910210197,,,,,,
6910210198,ig:paiiii_x,,,,,
6910210199,,,,,,
6910210200,IG:tua_mei,Ig : shiny.kaint,,,,
6910210201,,ig:n0or.aiv,,,,
6910210202,l__kk0,asmiie._,,,,
6910210203, ig: _nc_iambxw ,,,,,
6910210204,ux.pure,nq.b1lax_,paopao_pkr,,,
6910210205,ig:_plaa._.ppp,,,,,
6910210206,ig:lm_nanthawadee ,ig : raininginsept,,,,
6910210207,bbntpr,ig : b_.kis007,,,,
6910210208,ig:nasrol_hemman,,,,,
6910210209,ig: kxnqxrii._,,,,,
6910210210,,ig:bbsarakxm__,,,,
6910210211,,ig:iicesuuuu,ig : mook._.pp,,,
6910210212,ig:alwaysbett_,p.a.ng_93,,,,
6910210213,Ig:  z.nxp1_,Ig:Pxtta.p,ig: _p1xpim,,,
6910210214,,,,,,
6910210215,ig: nichakarn_33,iG p.nqz_yq,,,,
6910210216,,monyyjaaa,,,,
6910210217,nn.nadia_07,sinnyshixe_-,,,,
6910210218,,,,,,
6910210219,ig : nis_nisreen07,,,,,
6910210220,,poramin_mlt_224,,,,
6910210221,,,,,,
6910210222,nurnxez_,my_i3dearr,,,,
6910210223,,IG: heyxn0ok,,,,
6910210224,IG : norin._.br,mai.mm_02,,,,
6910210225,IG : miissladaa,Pratya_vv,,,,
6910210226,pv_p 'nu,,,,,
6910210227,IG : fangfang_ntk,,,,,
6910210228,ig : kim_dy._,ig : praintinq,,,,
6910210229,ig : chittina_17_,ig: nes_panchaya,,,,
6910210230,ig : goodaftermoonn ,,,,,
6910210231,ig : _book_jd,ig:zaynxbyte ,,,,
6910210232,,,,,,
6910210233,,,,,,
6910210234,,ig:piyathat_j,,,,
6910210235,ig:sakura_ph__,ig:mai._.piyathida,,,,
6910210236,,,,,,
6910210237,,,,,,
6910210238,ig : ___xp01,ig: t.t.tonkhaw,,,,
6910210239,ig : nxzakub,ig: pheunx.g,ig: nowhere.diary_365,,,
6910210240, ig : _qnia3nz,ig:pks_aut.04,,,,
6910210241,ig : whxe_.z,ig: bbew_alr,,,,
6910210242,ig: ppan_x3,ig: mmai_on,,,,
6910210243,,,IG: pimpilomy,,,
6910210244,ig : garwinnpr,ig : otoeiii ,,,,
6910210245,ig : mew_pha,ig : ppannitakan,,,,
6910210246,ig : aingprattt_,ig : dee_panthakann,,,,
6910210247,ig : rakparun_97,ig : kwxnnsang ,,,,
6910210248,Ig : parinyaaaax,ig : ppa_kwann.y,,,,
6910210249,ig: pr_1exn,ig : pphitchxnxn,,,,
6910210250,IG:punpun.prs,ig : cream_zqq,,,,
6910210251,ig : Nueng_npkk,Ig:Mynameearn.x,,,,
6910210252,,ig: sairung_jk,,,,
6910210253,,,,,,
6910210254,ig : pxnnix_,,,,,
6910210255,,ig:ppimwalan.n,,,,
6910210256,,,,,,
6910210257,ig: kwaa_sai,,,,,
6910210258,ig: litaionx,,,,,
6910210259,ig:_fxrxfair.r,,,,,
6910210260,,ig : phetlada.49,,,,
6910210261,ig : ouyreafqnn,ig: _ppiittchaa,,,,
6910210262,IG : j4ng_x,,,,,
6910210263,Ig:ixx_.ce,ig:fa.x.mah_o6,,,,
6910210264,ig : tellmechuchu ,ig : t1afatxqr_,,,,
6910210265,ig : peusdh,,,,,
6910210266,,,,,,
6910210267,ig : hoytods,,,,,
6910210268,,ig:phattarathida__28,IG: la_lensny,,,
6910210269,ig.pxaf_cj,,,,,
6910210270,ig:phongsakorn_seesin,,,,,
6910210271,ig:bank55_za,ig:nxcx_psw,Ig: _vn2129,ig:_tvlxs.quz,,
6910210272,ig:k_pongsapat,,,,,
6910210273,,ig:tha.taohoo,,,,
6910210274,,ig:_rainnf,,,,
6910210275,,,,,,
6910210276,,,,,,
6910210277,,,,,,
6910210278,,ig: phoom_jk_ip,,,,
6910210279,,,,,,
6910210280,,,,,,
6910210281,Ig: p_pcrp08,,,,,
6910210282,ig:baikaw.tt,ig: d.3ar_m,,,,
6910210283,,ig: nz0xqz,,,,
6910210284,,,,,,
6910210285,ig : naxing0z ,,,,,
6910210286,ig : pakwxn._,,,,,
6910210287,ig : pitch_anart,,,,,
6910210288,ig : dis4_lov,ig : sq_sxin,,,,
6910210289,,,,,,
6910210290,ig : kaxm08,,,,,
6910210291,,,,,,
6910210292,ig: phichx_rxk,,,,,
6910210293,,ig : haliliya_pogpog,,,,
6910210294,ig : pchxnok_zq,,,,,
6910210295,,,,,,
6910210296,ig : kaimaijing_kanjung,,,,,
6910210297,Fb : peeraphat saeang,,,,,
6910210298,,ig : b.rattamaporx,,,,
6910210299,ig : fadel_diil,,,,,
6910210300,ig: fnar.p,ig : engfunz_,,,,
6910210301,,ig : o_o_aom_oo,ig : r.wa_chi,,,
6910210302,IG: fi1_6ee,,,,,
6910210303,ig : firdz3__,,,,,
6910210304,,,,,,
6910210305,,ig : __.rioi,,,,
6910210306,ig : pxttarapzn._g,,,,,
6910210307,ig : mqrxcu._,ig : waw:a__21,,,,
6910210308,IG:p_unabi,,,,,
6910210309,IG:_pxtkjn07,IG:_.lqtxff._,,,,
6910210310,,,,,,
6910210311,,,,,,
6910210312,,IG: lailavq._,,,,
6910210313,,,,,,
6910210314,IG: chxm.richaya,,,,,
6910210315,IG: mamxi_mtn,IG : wachixrp._,,,,
6910210316,,,,,,
6910210317,,ig : nene.nnx ,,,,
6910210318,me_zxn.n,,,,,
6910210319,IG : mtncy_,IG : chxd.q,,,,
6910210320,IG : mxjjqh._.drm,,ig: 2eathq_,,,
6910210321,,,,,,
6910210322,,IG: Warin_yp.km,,,,
6910210323,,,,,,
6910210324,IG : bbright_qt,IG:watcharinsanboonsiri,,,,
6910210325,,IG:bbheyiris,,,,
6910210326,Ig:iramamr,IG : nynlu.p,,,,
6910210327,,,,,,
6910210328,ig : sky_larkkkkk,IG:look_paddddd,,,,
6910210329,,ig:viw_witsuta,,,,
6910210330,,ig: wrc_axm,,,,
6910210331,ig : sxsai_z,,,,,
6910210332,,IG : w1crm,,,,
6910210333,IG:riifhannn,IG: sp.bbaslll,,,,
6910210334,,,,,,
6910210335,ig : ruchirax.t,ig: c.creamxm,,,,
6910210336,ig​ : slruz.dq​,ig:ss.siwi,,,,
6910210337,,,,,,
6910210338,,ig: sirawxt.x,,,,
6910210339,IG : laladawan_pm,,,,,
6910210340,ig : hong_xrn,,,,,
6910210341,,,,,,
6910210342,ch.lukmqn._,,,,,
6910210343,ig: wongsapatleksiri,,,,,
6910210344,ig : worapeakcha,ig : nxmo_vx,,,,
6910210345,ig: wannx.sq,,,,,
6910210346,,,,,,
6910210347,ig: carriesx.vv,ig : supxwxn.b,,,,
6910210348,,Ig:k12sxp_st,,,,
6910210349,IG : warmmiily,,,,,
6910210350,,ig:spp_pkd,,,,
6910210351,ig: fiaa_warang ,ig:supisara_ch,,,,
6910210352,IG : Maii.xxp,,,,,
6910210353,ig : iammfde_,ig: frddx._,,,,
6910210354,,ig:sarxnrat_ttttt,,,,
6910210355,ig : wxriis_,ig:SaifarS,,,,
6910210356,ig:stang._.gnats,ig : sawinetic,,,,
6910210357,IG: _kxw.07,IG : _lucifer.vi.x.6_,,,,
6910210358,ig: wansaeriis,,,,,
6910210359,,IG: _f.srw,,,,
6910210360,ig: nuget_26,ig:lis_xviii,,,,
6910210361,,ig:ttaxzsqkv_,,,,
6910210362,ig : ffernnn.ii,,,,,
6910210363,ig : d.drxom217,ig:_si.rqx,,,,
6910210364,,,,,,
6910210365,IG : g.grxcee__,,ig:g1febru,,,
6910210366,IG: sasik_hongcheepx,,,,,
6910210367,Ig:_sasikarn_pan,ig:wayosuq,,,,
6910210368,,ig:papang_ld,,,,
6910210369,ig: aeiou_uuuni,,,,,
6910210370,ig: ss_sirinart,,,,,
6910210371,IG: s.mayu_laks,ig: pxzng._.sz,ig:balm.sp,,,
6910210372,,,,,,
6910210373,,ig:qx.nam22,ig: xn.hctib.xx,,,
6910210374,IG : tt.nogwe,,ig:hatsxkonn,,,
6910210375,,ig: sp.whann ,,,,
6910210376,,ig : m_mochij,,,,
6910210377,,ig:Kan_1701,ig : nerunz.2,,,
6910210378,ig:fxnee_07,,,,,
6910210379,,ig : ttt_ime06,,,,
6910210380,ig:salintip_baipai,ig : surard_0x,,,,
6910210381,ig: fskay_,ig : bird_kung_,,,,
6910210382,,,,,,
6910210383,,Ig : axek3a,,,,
6910210384,,,,,,
6910210385,ig : nonenjoj,ig:im_mafairy,ig:rexlapsr,,,
6910210386,,,,,,
6910210387,IG : ammx_si,ig : wacuteh_,,,,
6910210388,ig: biwwiiiii,,,,,
6910210389,,ig:c.at_ch,,,,
6910210390,,blahla_3a1t0ng19,,,,
6910210391,,,,,,
6910210392,ig : sutchichai,,,,,
6910210393,IG : sutiqr,,,,,
6910210394,ig : panxnz_,ig : 4nxchxt_,,,,
6910210395,,IG : _.apichaya20._,,,,
6910210396,ig : nate_snt,,IG: phetubone,,,
6910210397,ig : phlxy_sps,IG : apiwichaya,,,,
6910210398,ig : supitchassm ,,,,,
6910210399,Ig : _tatarss.qq_,,Ig : _i.aiyare.t,,,
6910210400,,ig : diaryof_alawa,,,,
6910210401,ig : briiightuhu_,ig : _domecore,,,,
6910210402,ig : suw_pxt,,,,,
6910210403,_namaingg.sk_,,,,,
6910210404,ig : sx.ttxwxt,ig : znigrlq_,,,,
6910210405,,,,,,
6910210406,,,,,,
6910210407,,,ig: amarraya._,ig: srwt_james.b,,
6910210408,ig : yae_sakura_mk,ig : araya_chotiyo,,,,
6910210409,ig : ati_oat,ig : cherikwx,,,,
6910210410,,,,,,
6910210411,,,,,,
6910210412,,IG : kritthichet7,ig : dzzyzhh_jn,,,
6910210413,ig : pxabcdex ,,,,,
6910210414,,ig :_jasmaymine_,,,,
6910210415,,,,,,
6910210416,,ig:auxxqri.njr,,,,
6910210417,ig : _ar._mhx,ig : iwem.x,,,,
6910210418,ig : babyxboboo,ig : lh4fizs,,,,
6910210419,ig:amntp.n,ig:harisx7777777,,,,
6910210420,ig: j_jju.ne,ig: chxmpxo_o,,,,
6910210421,ig:aomaom_ows,,,,,
6910210422,,,,,,
6910210423,IG:ar1zrq._,ig: paxg_2006,,,,
6910210424,ig:txsnqzm.m_,,,,,
6910210425,,ig:kspwjx.3,,,,
6910210426,,,,,,
6910210427,ig:n_nxey07,,,,,
6910210428,,,,,,
6910210429,,,,,,
6910210430,IG:anxpr__ya07,,,,,
6910210431,,,,,,
6910210432,ig:nqs.ruuu_xq,,,,,
6910210433,,ig: kittykan2549,,,,
6910210434,ig: tnan_a_,,,,,
6910210435,ig: 23.sea_051,,,,,
6910210436,,,,,,
6910210437,,,,,,
6910210438,,,,,,
6910210439,,,,,,
6910210440,ig : _axsma.m_,,,,,
6910210441,ig : rin_n_da,ig:kg_jdnzz,,,,
6910210442,ig : isara_ex,ig : b.bewtiful_,,,,
6910210443,,ig : buz.klx,,,,
6910210444,,,,,,
6910210445,ig : a_amika34,,,,,
6910210446,Ig : hanif_dolohaz,,,,,
6910210447,,,,,,
6910210448,ig: e_earn._.07,ig : vvuttsxn_,,,,
6910210449,ig : ebllixy,,,,,
6910210450,ig : t_thwyfuuuuu,,,,,
6910210451,,,,,,
6910210452,ig : 23junegirl_,ig garrrrrrrr.r,,,,
6910210453,ig :krit_tgod,,,,,
6910210454,Ig : siyexnn_,ig : nxm._.tan28,,,,
6910210455,,ig : jjrn_ne,,,,
6910210456,ig : im_gotsany,ig : _ppxp4i,,,,
6910210457,Ig. : pond.d55,ig : _iccuss,,,,
6910210458,,,,,,
6910210459,,ig : _jajulahhhh ,,,,
6910210460,,,,,,
6910210461,,,,,,
6910210462,Ig: april_owoo,IG: k_khxw06,,,,
6910210463,Ig:me_bam_mi,,,,,
6910210464,,,,,,
6910210465,,,,,,
6910210466,IG : pkchwz__,IG : _ppxi0r_,,,,
6910210467,,,,,,
6910210468,,ig: b.mubmib,,,,
6910210469,ig:khwanjira_19,ig : sshisanov,,,,
6910210470,,,,,,
6910210471,,,,,,
6910210472,,,,,,
6910210473,,ig:peat_chutipon,,,,
6910210474,,ig: Chuchna0_0,,,,
6910210475,,,,,,
6910210476,,IG: thia_muramasa,,,,
6910210477,,IG: frey_fa,,,,
6910210478,IG:_bxzm.m_,,,,,
6910210479,IG:kx._.ng.g,,,,,
6910210480,,,,,,
6910210481,,ig : nninna_nnx,,,,
6910210482,ig: jirawordy,,,,,
6910210483,ig : jjirawatchukaewruang ,,,,,
6910210484,,Ig:pingpxng_gg,,,,
6910210485,ig:jutamanee2888,IG : marprimarl ,,,,
6910210486,ig:_thelittlexxmyy,_2pooh_,Ig:drz._.kritz,,,
6910210487,,ig : paeryjinda_,,,,
6910210488,,,,,O,
6910210489,ig:p_ppik.ky,ig : icicic_ic_u,,,,
6910210490,ig:txxmxkn,Ig:nk_kwann,,,,
6910210491,,ig: norchorqz._,,,,
6910210492,ig._pprapang,ig : dew_0649,ig : ppraewkt,,,
6910210493,,ig:jean.bai_,,,,
6910210494,ig:chn.choncha,ig: f.fxrst__,ig : t0ntuey.__,,,
6910210495,,ig : nattaw._,,,,
6910210496,,,,,,
6910210497,ig:octoblure,,,,,
6910210498,,ig:tocakee,,,,
6910210499,,,,,,
6910210500,ig : qnxest,ig : name_tinno,,,,
6910210501,ig: saharrkm,,,,,
6910210502,,,,,,
6910210503,,,,,,
6910210504,ig: _thita.pon,,,,,
6910210505,,,,,,
6910210506,,,,,,
6910210507,ig:nhsp._,,,,,
6910210508,,,,,,
6910210509,,,,,,
6910210510,ig:tonkla_silwisal11,,,,,
6910210511,,,,,,
6910210512,,di.bi_w_pa,,,,
6910210513,ig:bb.bxifern,,,,,
6910210514,ig:nasnas_nnl,,,,,
6910210515,,,,,,
6910210516,ig:natnicharak,,,,,
6910210517,ig:nnichhha,,,,,
6910210518,ig:keemnattttt_,ig : x.fernzz_,,,,
6910210519,,ig : z3fiaz,,,,
6910210520,,,,,,
6910210521,Ig: nnchn._.nxchxnxn,,,,,
6910210522,,,,,,
6910210523,,,,,,
6910210524,ig: kongki_fg,,,,,
6910210525,ig:inmyyy_kamxz,IG: nnp_nxil,,,,
6910210526,ig: maeospaceguy,,,,,
6910210527,,,,,,
6910210528,Ig seeeeeeeiei,,,,,
6910210529,,,,,,
6910210530,IG . tinn_yexe,,,,,
6910210531,,ig : earn_nxmphet,,,,
6910210532,IG : Zunny_oo,,,,,
6910210533,,,,,,
6910210534,,,,,,
6910210535,ig:arm_anxxz,IG : n.a1nyyyyy___,,,,
6910210536,IG : davekazx,IG : nursqm.z0b,,,,
6910210537,ig : th_n_d_2810,,,,,
6910210538,,,,,,
6910210539,,,,,,
6910210540,,ig : niqxsu_,IG : cartoon_chanamat,,,
6910210541,,IG : _hvdqx_,,,,
6910210542,Ig : ppinkmoid,IG : h21dccc,IG: Noey_2005,,,
6910210543,IG: sorn.ttk ,ig : allaboutt_m0,,,,
6910210544,ig:win_tawin89,IG : kxnang._,,,,
6910210545,,,,,,
6910210546,,,,,,
6910210547,,,,,,
6910210548,,,,,,
6910210549,IG: fortune_nnn,,,,,
6910210550,,,,,,
6910210551,IG:fourseptb,,,,,
6910210552,ig : 2thewa,ig : pariwita.a,,,,
6910210553,Ig: jjorjha,,,,,
6910210554,,ig : immmnameis,,,,
6910210555,,ig : ppangamsx,,,,
6910210556,Ig:nxseaqrr,ig : oamechii,,,,
6910210557,,ig : janth1ta น้องอยู่ไหน😭,,,,
6910210558,ig: nitiphx_ng007,ig : gafin._.nn,,,,
6910210559,_.fadqqq._,ig : bluemingfilmm,,,,
6910210560,,,,,,
6910210561,,ig: piinpechs.s,,,,
6910210562,,,,,,
6910210563,IG : xtxm.l,,,,,
6910210564,IG: _.dqniinnnnn,ig : punny.poon,,,,
6910210565,IG: tintunqn,,,,,
6910210566,,,,,,
6910210567,IG: ha.sikinnn__,,,,,
6910210568,,,,,,
6910210569,ig:de_axpr,,,,,
6910210570,,,,,,
6910210571,,,,,,
6910210572,papapat.o_o,ig:bumxch_,,,,
6910210573,fxurwxllz._,,,,,
6910210574,,_ploy._.yolp_,,,,
6910210575,ig : leo_amxy.22,ig:_bibi.wx_,,,,
6910210576,ig:parinda__2550,ig:bam_patcharee.s,,,,
6910210577,ig:honggggg_3,ig: mypinxz,,,,
6910210578,nami_iiiing,,,,,
6910210579,,ig : pitchaon.n,,,,
6910210580,ig: p4risc_,,,,,
6910210581,ig: Felon_xt,,,,,
6910210582,,,,,,
6910210583,,,,,,
6910210584,IG: donnnnn.nnn,,,,,
6910210585,ig : pwpeiwxn,ig: wwibieye_ii,,,,
6910210586,,ig: pimphatss,,,,
6910210587, IG : pxrnrxmpx._,ig : p.phxrayaaa_ ,,,,
6910210588,,Ig : pearpraewaa,,,,
6910210589,ig: ilove_mythical,ig : fittt_xq._,ig :on.chxn,,,
6910210590,,,,,,
6910210591,ig : pchk_kr,IG:pxkayizzz ,,,,
6910210592,ig: bgppxn,,,,,
6910210593,,,,,,
6910210594,ig : zian123pj,,,,,
6910210595,ig : ja_meg.23,,,,,
6910210596,,,,,,
6910210597,,,,,,
6910210598,ig:peerapat_o7,,,,,
6910210599,IG : nam_santawee,,,,,
6910210600,,,,,,
6910210601,ig : qq.f93,ig : zeenqz.z,,,,
6910210602,,ig:yephxqz.sa,,,,
6910210603,Ig: firhqnq__,,,,,
6910210604,IG : fillindablank5,,,,,
6910210605,Ig : pakarparkon ,ig : rtypvnxs,,,,
6910210606,,ig:_mxfia_rpt49,,,,
6910210607,Ig:pm_namwan,,,,,
6910210608,ig : papxng_nch,,,,,
6910210609,,,,,,
6910210610,Ig:ja_y.pak,,,,,
6910210611,IG : pxw_n.09,,,,,
6910210612,IG:Phuchit_0,,,,,
6910210613,ig : _millxx15_,ig : p.pinnp,,,,
6910210614,,ig : ambbiww.w,,,,
6910210615,ig : mxth_ss,ig: its_wannisa,,,,
6910210616,,,,,,
6910210617,_itsmeauka,,,,,
6910210618,,ig : babielooneytoon,,,,
6910210619,g: rrrrrrrrr298_,,,,,
6910210620,,,,,,
6910210621,,,,,,
6910210622,IG : f0rxver.q,,,,,
6910210623,ig _fanxni_,,,,,
6910210624,ig : Rifhax_sww,,,,,
6910210625,,,,,,
6910210626,,,,,,
6910210627,ig : rruzdq,,,,,
6910210628,ig : _laksikxx_,,,,,
6910210629,ig : lutfee_bueraheng,,,,,
6910210630,,IG:boom_anantakal,,,,
6910210631,IG : bankthairmix_,IG : jio.oi.xx,,,,
6910210632,,IG: plussu_l_of_l,,,,
6910210633,ig : gummarii,IG : balencia_2006,,,,
6910210634,,ig : hwan_gmin,,,,
6910210635,,ig:s_sasikarnnn,,,,
6910210636,ig : mmejilla_,,ig : cha.__ooct_,,,
6910210637,,,,,,
6910210638,, ig : homiecyle,,,,
6910210639,,,,,,
6910210640,IG : fxrn_.w,,,,,
6910210641,,IG : s.ksrt_,,,,
6910210642,ig:__mel.ss__,IG:_sirirat.ing,,,,
6910210643,IG : Korob_grab.ms ,IG:i_am_so_try,,,,
6910210644,,,,,,
6910210645,,,,,,
6910210646,,,,,,
6910210647,IG:ball_supphasak,IG:kk_xz3,,,,
6910210648,IG:mali_rian2007,IG:ayane_zan,,,,
6910210649,,,,,,
6910210650,,IG:film_.th,,,,
6910210651,,,,,,
6910210652,IG : hiampraewa_,IG:miixxnnno_o,,,,
6910210653,IG:polariss_plr07,,,,,
6910210654,IG ={ ternarakjang },,,,,
6910210655,IG: susu_chxvq,Ig thispxxgn,,,,
6910210656,ig : rain_surawit,ig : tangmoyaaa,,,,
6910210657,,,,,,
6910210658,IG : ppangubeluv ,ig : m.supitchaaa_,,,,
6910210659,IG : suwi.mek,,,,,
6910210660,IG : harux.np,IG : ylm_wp,,,,
6910210661,,,,,,
6910210662,,ig; bannijiiiv,,,,
6910210663,,,,,,
6910210664,ig : anaswaleng_,Ig:s.nxn_07,,,,
6910210665,,IG : hattakornnnnnn,,,,
6910210666,,,,,,
6910210667,,,,,,
6910210668,ig : p.xmolwan,ig:_.mmeqnxx03,,,,
6910210669,ig: onnida_1402,,,,,
6910210670,ig: ohxrpz_.n,ig:a_anatda,,,,
6910210671,ig : rarinxxrs_01,ig:anqsnz,,,,
6910210672,,ig : bb_ap16,,,,
6910210673,  ig : ak_kungjaa,ig: _.axpae_,,,,
6910210674,,ig : jubiejujuly,,,,
6910210675,,,,,,
6910210676,,ig:ppraee.e,,,,
6910210677,ig:_asmee._e,ig: gxjii_ra,,,,
6910210678,,,,,,
6910210679,ig : fandee_fyp,,,,,
6910210680,,ig: loralexz,,,,
6910210681,IG : amneiqs ,,,,,
6910210682,,ig:lerlislisa,,,,
6910210683,,,,,,
6910210684,,ig:bxitoey.yy,,,,
6910210685,ig : aiis0h,,,,,
6910210686,Ig : ureeun__,ig:papangthepongpang,,,,
6910210687,,,,,,
6910210688,,,,,,
6910210689,ig : khao_padkaiz,,,,,
6910210690,,,,,,
6910210691,,,,,,
6910210692,,,,,,
6910210693,,,,,,
6910210694,,,,,,
6910210695,,,,,,
6910210696,,ig:_bqxz,,,,
6910210697,,ig:arm_pmmm,,,,
6910210698,,ig:jiji_intira,,,,
6910210699,,ig : ii.tyxal,,,,
6910210700,,ig:s.sxm_ox,,,,
6910210701,,ig:r.rawitts._,,,,
6910210702,bxbe.ei,,,,,
6910210703,,ig:heyhamsah,,,,
6910210704,,,,,,
6910210705,,,,,,
6910210706,,,,,,
6910210707,,,,,,
6910210708,,ig : p.ks_07,,,,
6910210709,,,,,,
6910210710,,ig : ingingpurin.n,,,,
6910210711,,ig: vvta._.a,,,,
6910210712,ig bonbb27-41,ig : waterdimond_,,,,
6910210713,,IG : Khawfang_K_,,,,
6910210714,,ig : k.a.o1195,,,,
6910210715,,,,,,
6910210716,,ig : yykqnjxnq,,,,
6910210717,IG : _pmxnxx,,,,,
6910210718,,,,,,
6910210719,,,,,,
6910210720,IG : pumpui_1849,,,,,
6910210721,,,,,,
6910210722,,ig : ktrsm_07,,,,
6910210723,,ig: knsn__a,,,,
6910210724,,,,,,
6910210725,,,,,,
6910210726,,,,,,
6910210727,,,,,,
6910210728,,,,,,
6910210729,,,,,,
6910210730,,,,,,
6910210731,,ig : oo._.baiphai,,,,
6910210732,,,,,,
6910210733,,ig : fxrst_jrn,,,,
6910210734,,ig: lac00babe ,,,,
6910210735,,ig:jedsada_koay,,,,
6910210736,,,,,,
6910210737,,ig:fon_ch.sj,,,,
6910210738,,ig : gun_siiii,,,,
6910210739,,,,,,
6910210740,,ig:ch.pxt,,,,
6910210741,,,,,,
6910210742,,ig:__sainaam,,,,
6910210743,,,,,,
6910210744,sandkontawat,,,,,
6910210745,,ig: chuuu_chang,,,,
6910210746,,,,,,
6910210747,ig: _ssxn.nn,ig: kinlingping,,,,
6910210748,_korg1nx,,,,,
6910210749,,,,,,
6910210750,Ig : ttxezz,,,,,
6910210751,lg : __kixxiwan,,,,,
6910210752,_1nanity_,ig : na_sunainq,,,,
6910210753,ig : pxisl.05,ig : allaboutwithseptember_,,,,
6910210754,IG: aemmy_inkkkkk,ig : 7skrttb,,,,
6910210755,,,,,,
6910210756,IG:mr._.aemiiz,IG : olive_oilone,_rk1009,,,
6910210757,,,,,,
6910210758,,,,,,
6910210759,,,,,,
6910210760,,,,,,
6910210761,,Ig : sriyanuttaphon,,,,
6910210762,,,,,,
6910210763,ig:keng_jittiphat,,,,,
6910210764,ig:jixriyxxv_7,,,,,
6910210765,Ig : nadiq.tnv,,,,,
6910210766,Ig : jurrypie,IG: iamny8uq,kbx_hzss.s ,,,
6910210767,,Ig: deeduanglitq,,,,
6910210768,ig:chaxaphxt_,,,,,
6910210769,Ig : xnyglyn_,,,,,
6910210770,, IG tawa_n50,,,,
6910210771,chllr_22,,,,,
6910210772,slfwar_ihc:gi,,,,,
6910210773,ig : Salman_hm08,ig: viiiaxenon,,,,
6910210774,Ig : maturblu,ig:th0dsxwqn,,,,
6910210775,ig : dlei_frag.cj_,ig:thxna_krit,,,,
6910210776,,ig:tan_thaenfan,,,,
6910210777,ig : lxst_life21,,,,,
6910210778,,,,,,
6910210779,ig : nowfun_nf,,,,,
6910210780,ig : happiewjeda,,,,,
6910210781,IG:jom_nutcha,,,,,
6910210782,ig : nauiiwqt,ig:jxstwxnnluv_,,,,
6910210783,,,,,,
6910210784,,,,,,
6910210785,ig : ssnowtc_,,,,,
6910210786,ig : selectkaq,,,,,
6910210787,,,,,,
6910210788,,,,,,
6910210789,ig:_b_ x_m_dxllaya,ig:ha1t0ku8,,,,
6910210790,,ig: nx_thnk04,,,,
6910210791,,IG : thxn_mxl,,,,
6910210792,ig: nxnqjh.lz0,ig:tk._mua,,,,
6910210793,,,,,,
6910210794,,,,,,
6910210795,Ig:imnotlucaaa_,,,,,
6910210796,ig:jxnnn_06,ig:tth.xe ,,,,
6910210797,,,,,,
6910210798,ig:jnonnot,,,,,
6910210799,ig:thanadxl._ ,ig:fevv_nonthapat,,,,
6910210800,,,,,,
6910210801,ig: Thanawat Hoisakun,,,,,
6910210802,ig: gesobaa,ig:napxnnnn,,,,
6910210803,,ฮ่าฮ่าฮ่า อดีตเบต้าเทสเตอร์,,,,
6910210804,lg : cxmfssrt9_xq,,,,,
6910210805,ttanchan0k.j,IG : m2e.bls,,,,
6910210806,IG: jxh_thp,,,,,
6910210807,,,,,,
6910210808,,_ana_nita  น้องมาได้แล้ว,,,,
6910210809,,,,,,
6910210810,ig:nxppxs_t,Ig:mildniya,,,,
6910210811,IG:aquarinp_,IG : wwww.svnday,,,,
6910210812,,Ig:_.nistaaaaa,,,,
6910210813,ig : na_zeefah48,,,,,
6910210814,,,,,,
6910210815,ig:bisssssssssssssssssss,,,,,
6910210816,,,,,,
6910210817,,,,,,
6910210818,ig:n.ifxrq,,,,,
6910210819,ig:skx_qzk,Ig: roseirmiiyd,,,,
6910210820,ig: nirus._.nx,,,,,
6910210821,,raygrangerr ,,,,
6910210822,ig: ch1mher ,,,,,
6910210823,,,,,,
6910210824,ig : nhd.ys_,,,,,
6910210825,,,,,,
6910210826,natesaray._,,ig : realwhize,,,
6910210827,ig : ha_nz.chio_d,,,,,
6910210828,,ig: _noxeyy,,,,
6910210829,ig : im._ptprkx,,,,,
6910210830,ig : ptiwathnehlmhmaad,ig : tontalong ,,,,
6910210831,ig : flowxrrrrr,,,,,
6910210832,,,,,,
6910210833,,ig: p.parichat__,,,,
6910210834,,ig : xerjgxon,,,,
6910210835,ig : bppari_,,,,,
6910210836,ig : kayno.7_to,,,,,
6910210837,IG:__punn_n_13,,,,,
6910210838,Ig: rosemaryafterglow ,ig : net_phchn.yz,,,,
6910210839,,IG: aom._.xv,,,,
6910210840,,,,,,
6910210841,Ig:Jumzyx_,,,,,
6910210842,,ig : pxntrx_05,,,,
6910210843,,,,,,
6910210844,,,,,,
6910210845,,,,,,
6910210846,,,IG : t._.orp,,,
6910210847,,,,,,
6910210848,IG: p.pie.ie,,,,,
6910210849,,,,,,
6910210850,ig : fqirxz._,IG : minem.ine_,,,,
6910210851,,IG : gxmpxxy,,,,
6910210852,,,,,,
6910210853,,,,,,
6910210854,,,,,,
6910210855,,,,,,
6910210856,IG:pepdi_,,,,,
6910210857,,ig : fasxiindie,,,,
6910210858,IG:tamkim_pawinee,,,,,
6910210859,ig : _chmw3er,ig : fvrrir,,,,
6910210860,,,,,,
6910210861,,IG: _1txe4.e_,,,,
6910210862,Ig:cxllmx_mata,ig : Zp13e,,,,
6910210863,,Ig : pattrapo.n ,,,,
6910210864,,ig : heyflim,,,,
6910210865,,,,,,
6910210866,,,,,,
6910210867,,,,,,
6910210868,_kandex_,muulxs_,,,,
6910210869,,sir_msmry,,,,
6910210870,glesluvr,,,,,
6910210871,ig:rattxya_pn,,,,,
6910210872,ig.rrxchi._,,,,,
6910210873,,,,,,
6910210874,,sxllytwextie_07,,,,
6910210875,,,,,,
6910210876,,,,,,
6910210877,,,,,,
6910210878,ig:pang.wpw,,,,,
6910210879,ewiratnk บอกละคับ ิิ,พี่ก็ไม่บอกอะเอา,,,,
6910210880,,ig:aungiie.q,,,,
6910210881,Ig : _41hxnz,,,,,
6910210882,IG : notzen._s,ig:lax_kupp,,,,
6910210883,IG : sasithxn.j,ig:wsp_pon,,,,
6910210884,,,,,,
6910210885,ig: bxxm_siwant,,,,,
6910210886,ig : firehedgehogs,ig:worrapit.__,,,,
6910210887,,,,,,
6910210888,,,,,,
6910210889,,ig:_warun.06,,,,
6910210890,,,,,,
6910210891,ig : mxndm1nt,,,,,
6910210892,ig:iamaxmq_,,,,,
6910210893,ig: iimnxin,ig: lildr4mm,,,,
6910210894,Ig:nnanpasuu,IG:mp_wpw,,,,
6910210895,,,,,,
6910210896,IG : _thisismillettttt,พี่อยากได้อะตอมTT,,,,
6910210897,,pwaix_.qi หาพี่เจอให้20,,,,
6910210898,ig:n_seksan07,,,,,
6910210899,,Ig:sasi1_p,,,,
6910210900,Ig:bequariz,ig:Sakkarin Yuden ,,,,
6910210901,Ig: aarniitti,,,,,
6910210902,,,,,,
6910210903,,,,,,
6910210904,,,,,,
6910210905,Ig: milkymevv ,,,,,
6910210906,lg:4zmoon_08,bookkubsss,,,,
6910210907,Ig:errorm_me,,,,,
6910210908,ig:phathr.phl,,,,,
6910210909,,Ig: n.xtu_,Ig: njsolsticee,,,
6910210910,,,,,,
6910210911,,,,,,
6910210912,Ig:m.marsqz,,,,,
6910210913,,Ig:gracxyh_,,,,
6910210914,_t.tongtonggg,,,,,
6910210915,2gamm.zp,ig:sb_nadia.26,,,,
6910210916,,,,,,
6910210917,,,,,,
6910210918,,,,,,
6910210919,lg:yamiliisse,Ig:plxngswk_,,,,
6910210920,,,,,,
6910210921,,Ig:sirimon_jaja,,,,
6910210922,,,,,,
6910210923,,Ig:_crushonoil,,,,
6910210954,,Ig : artittay.a,,,,